Command ID,UTC,Working directory,Exact command arguments,Exit code,Duration seconds,Log
baseline-python,2026-09-28T20:37:59.835144+00:00,/mnt/data/helioforge_work/baseline/HelioForge-v0.2.0,"[""python"", ""-m"", ""pytest"", ""apps/api/tests"", ""-o"", ""addopts="", ""-q""]",0,9.302,evidence/baseline-python.log
baseline-web,2026-09-28T20:38:16.706895+00:00,/mnt/data/helioforge_work/baseline/HelioForge-v0.2.0/apps/web,"[""bash"", ""-lc"", ""npm run typecheck && npm run build && npm test""]",0,9.007,evidence/baseline-web.log
baseline-browser,2026-09-28T20:38:45.868032+00:00,/mnt/data/helioforge_work/baseline/HelioForge-v0.2.0,"[""python"", ""scripts/browser-hybrid.py"", ""--executable"", ""/usr/bin/chromium"", ""--screenshots""]",1,5.786,evidence/baseline-browser.log
baseline-browser-bridge,2026-09-28T20:39:02.294723+00:00,/mnt/data/helioforge_work/baseline/HelioForge-v0.2.0,"[""python"", ""scripts/browser-hybrid.py"", ""--bridge"", ""--executable"", ""/usr/bin/chromium"", ""--screenshots""]",0,28.962,evidence/baseline-browser-bridge.log
baseline-targeted,2026-09-28T20:40:56.636394+00:00,/mnt/data/helioforge_work/baseline/HelioForge-v0.2.0,"[""python"", ""/mnt/data/helioforge_work/probe_baseline.py""]",0,9.708,evidence/baseline-targeted.log
champion-build-1,2026-09-28T20:48:24.864028+00:00,/mnt/data/HelioForge-Champion-v0.3.0/apps/web,"[""bash"", ""-lc"", ""npm run typecheck && npm run build && npm test""]",0,9.555,evidence/champion-build-1.log
champion-python-1,2026-09-28T20:50:58.120362+00:00,/mnt/data/HelioForge-Champion-v0.3.0,"[""python"", ""-m"", ""pytest"", ""apps/api/tests"", ""-q""]",0,8.109,evidence/champion-python-1.log
champion-browser-existing,2026-09-28T20:51:12.010138+00:00,/mnt/data/HelioForge-Champion-v0.3.0,"[""bash"", ""-c"", ""python scripts/browser-smoke.py --bridge --executable /usr/bin/chromium --screenshots && python scripts/browser-hybrid.py --bridge --executable /usr/bin/chromium --screenshots""]",1,22.89,evidence/champion-browser-existing.log
champion-regression-1,2026-09-28T20:53:01.358470+00:00,/mnt/data/HelioForge-Champion-v0.3.0,"[""bash"", ""-c"", ""python -m pytest apps/api/tests -q && cd apps/web && npm run typecheck && npm run build && npm test""]",1,17.324,evidence/champion-regression-1.log
champion-browser-existing-3,2026-09-28T20:54:49.067010+00:00,/mnt/data/HelioForge-Champion-v0.3.0,"[""bash"", ""-c"", ""python -u scripts/browser-smoke.py --bridge --executable /usr/bin/chromium --screenshots && python -u scripts/browser-hybrid.py --bridge --executable /usr/bin/chromium --screenshots""]",1,45.485,evidence/champion-browser-existing-3.log
champion-new-browser-1,2026-09-28T20:56:15.082340+00:00,/mnt/data/HelioForge-Champion-v0.3.0,"[""bash"", ""-c"", ""cd apps/web && npm run typecheck && npm run build && npm test && cd ../.. && python -u scripts/browser-champion.py --bridge --executable /usr/bin/chromium --screenshots""]",1,28.324,evidence/champion-new-browser-1.log
champion-launch-check,2026-09-28T20:56:59.952857+00:00,/mnt/data/HelioForge-Champion-v0.3.0,"[""python"", ""launch.py"", ""--check""]",0,1.925,evidence/champion-launch-check.log
champion-new-browser-2,2026-09-28T20:57:22.736300+00:00,/mnt/data/HelioForge-Champion-v0.3.0,"[""python"", ""-u"", ""scripts/browser-champion.py"", ""--bridge"", ""--executable"", ""/usr/bin/chromium"", ""--screenshots""]",1,28.207,evidence/champion-new-browser-2.log
champion-launch-integration,2026-09-28T20:58:53.702710+00:00,/mnt/data/HelioForge-Champion-v0.3.0,"[""python"", ""-u"", ""scripts/check-launcher.py""]",0,27.653,evidence/champion-launch-integration.log
champion-new-browser-3,2026-09-28T20:58:51.369877+00:00,/mnt/data/HelioForge-Champion-v0.3.0,"[""python"", ""-u"", ""scripts/browser-champion.py"", ""--bridge"", ""--executable"", ""/usr/bin/chromium"", ""--screenshots""]",1,57.088,evidence/champion-new-browser-3.log
champion-final-suite,2026-09-28T21:00:32.444917+00:00,/mnt/data/HelioForge-Champion-v0.3.0,"[""bash"", ""-c"", ""python -m pytest apps/api/tests -q --junitxml=docs/champion/python-tests.xml && cd apps/web && npm run typecheck && npm run build && npm test && cd ../.. && python -u scripts/browser-smoke.py --bridge --executable /usr/bin/chromium --screenshots && python -u scripts/browser-hybrid.py --bridge --executable /usr/bin/chromium --screenshots && python -u scripts/browser-champion.py --bridge --executable /usr/bin/chromium --screenshots""]",1,94.356,evidence/champion-final-suite.log
champion-toolbar-reproduction,2026-09-28T21:03:31.141654+00:00,/mnt/data/HelioForge-Champion-v0.3.0,"[""python"", ""/mnt/data/helioforge_work/probe_toolbar.py""]",0,6.563,evidence/champion-toolbar-reproduction.log
champion-lint-availability,2026-09-28T21:05:44.748202+00:00,/mnt/data/HelioForge-Champion-v0.3.0,"[""python"", ""-m"", ""ruff"", ""--version""]",1,2.271,evidence/champion-lint-availability.log
champion-final-suite-2,2026-09-28T21:04:31.460358+00:00,/mnt/data/HelioForge-Champion-v0.3.0,"[""bash"", ""-c"", ""python -m pytest apps/api/tests -q --junitxml=docs/champion/python-tests.xml && cd apps/web && npm run typecheck && npm run build && npm test && cd ../.. && python -u scripts/browser-smoke.py --bridge --executable /usr/bin/chromium --screenshots && python -u scripts/browser-hybrid.py --bridge --executable /usr/bin/chromium --screenshots && python -u scripts/browser-champion.py --bridge --executable /usr/bin/chromium --screenshots""]",0,123.127,evidence/champion-final-suite-2.log
champion-syntax,2026-09-28T21:12:51.010253+00:00,/mnt/data/HelioForge-Champion-v0.3.0,"[""bash"", ""-c"", ""python -m compileall -q apps/api/helioforge launch.py scripts && sh -n start-linux.sh && sh -n start-macos.command""]",0,1.792,evidence/champion-syntax.log
