Issue ID,Severity / scope,Evidence state,Symptom / friction,Supported cause,Intervention,Changed source,Verification,Evidence files,Remaining risk / boundary
HF-001,P1 local analysis integrity,Baseline reproduced,Blank/in-progress hybrid input left previous numeric result visible,input was only reconciled on change/blur,Immediate validated draft state; suppress stale output and exports,apps/web/src/hybrid-controller.ts; hybrid-core.ts; hybrid-views.ts,PASS: unit and bridged browser,baseline-targeted.log; champion-final-suite-2.log,Production incidence unknown; synthetic reproduction only
HF-002,P2 workflow loss,Baseline reproduced,Unsaved model edits lost on navigation,Whole-view reconstruction read only last committed defaults,Retain nonsensitive per-model drafts in memory; show last-result notice,apps/web/src/app.ts,PASS: bridged browser,baseline-targeted.log; champion-final-suite-2.log,Generic drafts are not persisted across reload; intentional
HF-003,P1 local analysis integrity,Baseline reproduced,Reconnect reset a completed 12 MWh case to 10 MWh default,Overview reconnection overwrote the full dashboard state,Preserve same-market model results and committed inputs; refresh pilots separately,apps/web/src/app.ts,PASS: bridged browser,baseline-targeted.log; champion-final-suite-2.log,Changing market deliberately loads defaults; no cross-market merge
HF-004,P2 security hardening,Baseline reproduced Host acceptance,Unexpected Host header accepted on local API,No host allow-list middleware,TrustedHost allow-list; keep existing Origin validation; loopback launcher,apps/api/helioforge/main.py; launch.py,PASS: API and process integration,baseline-targeted.log; champion-final-suite-2.log; champion-launch-integration.log,Not authentication or a demonstrated production compromise
HF-005,P2 introduced regression,Observed during modernization,320px toolbar actions overflowed horizontally,New action row had no wrap at minimum width,Wrap small-screen actions and preserve text labels,apps/web/src/champion.css,PASS: 12 views at 320/390/768/1440 px,champion-browser-existing-3.log; champion-final-suite-2.log,Viewport emulation only
HF-006,P2 introduced regression,Controlled reproduction,Clicking toolbar immediately after editing could be consumed,Redundant blur/change replaced pointer target between mousedown and click,Skip state-identical draft updates; assert toolbar button identity survives blur,apps/web/src/hybrid-controller.ts,PASS: targeted identity and journey regression,champion-toolbar-reproduction.log; champion-final-suite-2.log,Original reproduction and failed attempt retained
HF-I01,Improvement,Implemented,Named configurations and last workspace were not directly recoverable,Original state mostly tab-local; API runs available as exports,Validated browser cache; server-ID-based recovery; named setup shelf,apps/web/src/champion-core.ts; champion-controller.ts; champion-views.ts,PASS: unit/API and browser adapter,champion-final-suite-2.log,Native localStorage durability not verified here; last-writer wins across tabs
HF-I02,Improvement,Implemented,Saved calculations required JSON export rather than UI reopening,History had export-only rows,Filter history; reopen actual hybrid records with original inputs/results,apps/web/src/champion-controller.ts; champion-core.ts,PASS: bridged browser,champion-final-suite-2.log,Latest 100 shown; other model kinds remain JSON export only
HF-I03,Improvement,Implemented,Interrupted write could be mistaken for confirmed failure,Network exception alone does not establish whether the server saved,Explain ambiguous completion; no automatic write retry; inspect history,apps/web/src/app.ts,PASS: response loss injected after a real save,champion-final-suite-2.log,No exactly-once server guarantee; repeated experiments are allowed
HF-I04,Improvement,Implemented,New users had no concise first experiment or global navigation search,Architecture/lesson choices span many views,Guided baseline/outage workflow and keyboard command palette,apps/web/src/champion-controller.ts; champion-views.ts,PASS: bridged browser,champion-final-suite-2.log,No human usability study or engagement measurement
